<?xml version = '1.0' encoding = 'UTF-8'?>
<Relation class="oracle.dbtools.crest.model.design.logical.Relation" name="Relation_16" directorySegmentName="seg_0" id="56244722-39D0-C3DD-0280-8B807B6D2D41">
<createdBy>Zumro&apos;atul Afifah</createdBy>
<createdTime>2023-03-07 15:08:21 UTC</createdTime>
<ownerDesignName>Task1</ownerDesignName>
<engineerTo>
<item key="1A0BEBFD-0552-F6E8-9384-2B161C5C2274" value="true"/>
</engineerTo>
<sourcePk>ACC1E042-9B52-16E1-24FC-8EE23EBB7EA0</sourcePk>
<arc>B4976BAF-43D8-8EC0-6BD0-97B7288A8E1E</arc>
<identifying>false</identifying>
<optionalSource>true</optionalSource>
<optionalTarget>false</optionalTarget>
<sourceCardinality>1</sourceCardinality>
<sourceEntity>FC454A80-B211-AB2E-C348-5D5FAB815245</sourceEntity>
<targetCardinalityString>*</targetCardinalityString>
<targetEntity>8345D666-D624-5EE4-69F2-7919E7E9F89E</targetEntity>
<transferable>true</transferable>
<deleteRule>NO ACTION</deleteRule>
</Relation>