<?xml version = '1.0' encoding = 'UTF-8'?>
<Relation class="oracle.dbtools.crest.model.design.logical.Relation" name="Relation_13" directorySegmentName="seg_0" id="763BA5C1-8F78-D923-5A54-7E32C381EE49">
<createdBy>Zumro&apos;atul Afifah</createdBy>
<createdTime>2023-03-07 15:01:15 UTC</createdTime>
<ownerDesignName>Task1</ownerDesignName>
<engineerTo>
<item key="1A0BEBFD-0552-F6E8-9384-2B161C5C2274" value="true"/>
</engineerTo>
<identifying>false</identifying>
<optionalSource>true</optionalSource>
<optionalTarget>false</optionalTarget>
<sourceCardinality>*</sourceCardinality>
<sourceEntity>FE212DA0-0266-4F3B-9A15-FDCA2EAFFDBF</sourceEntity>
<targetCardinalityString>*</targetCardinalityString>
<targetEntity>05EBCDA0-D0EC-6F2E-F507-781BFD52A025</targetEntity>
<transferable>true</transferable>
<deleteRule>NO ACTION</deleteRule>
</Relation>