<?xml version = '1.0' encoding = 'UTF-8'?>
<Relation class="oracle.dbtools.crest.model.design.logical.Relation" name="Relation_12" directorySegmentName="seg_0" id="77DAD4AD-FA78-2005-D83E-7A39CDEADE20">
<createdBy>Zumro&apos;atul Afifah</createdBy>
<createdTime>2023-03-07 14:50:14 UTC</createdTime>
<ownerDesignName>Task1</ownerDesignName>
<engineerTo>
<item key="1A0BEBFD-0552-F6E8-9384-2B161C5C2274" value="true"/>
</engineerTo>
<sourcePk>D37291FA-E473-C8B7-D15E-1754623E408B</sourcePk>
<identifying>true</identifying>
<optionalSource>true</optionalSource>
<optionalTarget>false</optionalTarget>
<sourceCardinality>1</sourceCardinality>
<sourceEntity>FE212DA0-0266-4F3B-9A15-FDCA2EAFFDBF</sourceEntity>
<targetCardinalityString>*</targetCardinalityString>
<targetEntity>D5C2A802-5AB1-107B-7844-D352674FD243</targetEntity>
<transferable>true</transferable>
<deleteRule>NO ACTION</deleteRule>
</Relation>