<?xml version = '1.0' encoding = 'UTF-8'?>
<FKIndexAssociation class="oracle.dbtools.crest.model.design.relational.FKIndexAssociation" directorySegmentName="seg_0" id="856A302F-A900-FB2B-8D96-8283DF36FF19" containerWithKeyObject="5DBDECBC-A924-DF53-F4D5-ED75D910830B" localFKIndex="6153C2D1-AAD9-C2ED-E52C-98DDA8C0AA3D" name="JENIS_SKINCARE_KATALOG_PROMO_FK">
<createdBy>Zumro&apos;atul Afifah</createdBy>
<createdTime>2023-03-07 15:10:21 UTC</createdTime>
<generatorID>C45EF60C-1D42-98A3-B43A-A65EA22139AD</generatorID>
<ownerDesignName>Task1</ownerDesignName>
<referredTableLongName>KATALOG_PROMO</referredTableLongName>
<arc>20E6BBE5-9AEA-CCF7-B5A4-DCB43C60C4F6</arc>
<deleteRule>NO ACTION</deleteRule>
<referredTableID>C64F35FD-81C4-D459-0E08-A3A212A8CC1B</referredTableID>
<keyObject>CFD60DB1-0003-48E7-383C-5014596B8317</keyObject>
<referredKeyID>CFD60DB1-0003-48E7-383C-5014596B8317</referredKeyID>
<mandatory>false</mandatory>
<refColNames>KODE</refColNames>
<transferable>true</transferable>
<rely>false</rely>
<columnDependencyConstraintGenerateInDDL>true</columnDependencyConstraintGenerateInDDL>
</FKIndexAssociation>