<?xml version = '1.0' encoding = 'UTF-8'?>
<Table class="oracle.dbtools.crest.model.design.relational.Table" directorySegmentName="seg_0" id="44B3B8C1-263C-1296-B151-747553CA8D7E" name="MANAGER">
<createdBy>Zumro&apos;atul Afifah</createdBy>
<createdTime>2023-03-07 15:10:21 UTC</createdTime>
<generatorID>69922A20-6DC9-1AD6-61EA-310326713F79</generatorID>
<ownerDesignName>Task1</ownerDesignName>
<allowColumnReorder>false</allowColumnReorder>
<existDependencyGenerateInDDl>true</existDependencyGenerateInDDl>
<parsed>true</parsed>
<columns itemClass="oracle.dbtools.crest.model.design.relational.Column">
<Column name="ID" id="0F785AFD-A518-D453-B847-6E3CA8554C0B">
<createdBy>Zumro&apos;atul Afifah</createdBy>
<createdTime>2023-03-07 15:10:21 UTC</createdTime>
<generatorID>E498353E-04FB-0817-5535-FE6106BC11B8</generatorID>
<ownerDesignName>Task1</ownerDesignName>
<useDomainConstraints>false</useDomainConstraints>
<use>1</use>
<logicalDatatype>LOGDT011</logicalDatatype>
<ownDataTypeParameters>,,</ownDataTypeParameters>
<autoIncrementCycle>false</autoIncrementCycle>
<associations>
<colAssociation fkAssociation="65E76CB7-0EB9-4BA2-C49B-6C5113EC0361" referredColumn="954E6AFE-4856-459C-C7EA-78FDB8E80B35"/>
</associations>
</Column>
</columns>
<indexes itemClass="oracle.dbtools.crest.model.design.relational.Index">
<ind_PK_UK id="426C8427-0042-ED56-7C28-C094296981BB" name="MANAGER_PK">
<createdBy>Zumro&apos;atul Afifah</createdBy>
<createdTime>2023-03-07 15:10:21 UTC</createdTime>
<generatorID>5A3B650B-C450-90B8-E003-61F4AF22BF55</generatorID>
<ownerDesignName>Task1</ownerDesignName>
<pk>true</pk>
<indexState>Primary Constraint</indexState>
<isSurrogateKey>false</isSurrogateKey>
<indexColumnUsage>
<colUsage columnID="0F785AFD-A518-D453-B847-6E3CA8554C0B"/>
</indexColumnUsage>
</ind_PK_UK>
<ind_PK_UK id="E871A0DC-E71A-F465-EA96-540D6D19A84B" name="MANAGER_PEGAWAI_FK">
<createdBy>Zumro&apos;atul Afifah</createdBy>
<createdTime>2023-03-07 15:10:21 UTC</createdTime>
<generatorID>273D2DAC-3EFC-1738-2857-0A408C90DF94</generatorID>
<ownerDesignName>Task1</ownerDesignName>
<indexState>Foreign Key</indexState>
<isSurrogateKey>false</isSurrogateKey>
<indexColumnUsage>
<colUsage columnID="0F785AFD-A518-D453-B847-6E3CA8554C0B"/>
</indexColumnUsage>
</ind_PK_UK>
</indexes>
</Table>