<?xml version = '1.0' encoding = 'UTF-8'?>
<Table class="oracle.dbtools.crest.model.design.relational.Table" directorySegmentName="seg_0" id="628A848C-E5E6-B127-AAC4-F0F6C11D418D" name="KATALOG_REGULER">
<createdBy>Zumro&apos;atul Afifah</createdBy>
<createdTime>2023-03-07 15:10:21 UTC</createdTime>
<generatorID>FC454A80-B211-AB2E-C348-5D5FAB815245</generatorID>
<ownerDesignName>Task1</ownerDesignName>
<allowColumnReorder>false</allowColumnReorder>
<existDependencyGenerateInDDl>true</existDependencyGenerateInDDl>
<parsed>true</parsed>
<columns itemClass="oracle.dbtools.crest.model.design.relational.Column">
<Column name="KODE" id="1A3E20EB-2CCE-9105-4B34-3BB54981B68E">
<createdBy>Zumro&apos;atul Afifah</createdBy>
<createdTime>2023-03-07 15:10:21 UTC</createdTime>
<generatorID>DCDBD4E9-C862-3B89-A272-91A233FBC439</generatorID>
<ownerDesignName>Task1</ownerDesignName>
<useDomainConstraints>false</useDomainConstraints>
<use>1</use>
<logicalDatatype>LOGDT011</logicalDatatype>
<ownDataTypeParameters>,,</ownDataTypeParameters>
<autoIncrementCycle>false</autoIncrementCycle>
</Column>
<Column name="TIPE" id="04C41DAC-C37D-E8F9-5D4D-3DADF666A7CA">
<createdBy>Zumro&apos;atul Afifah</createdBy>
<createdTime>2023-03-07 15:10:21 UTC</createdTime>
<generatorID>FA88CF2A-50E6-6300-7C75-43721A901487</generatorID>
<ownerDesignName>Task1</ownerDesignName>
<useDomainConstraints>false</useDomainConstraints>
<use>1</use>
<logicalDatatype>LOGDT024</logicalDatatype>
<dataTypeSize>20</dataTypeSize>
<ownDataTypeParameters>20,,</ownDataTypeParameters>
<autoIncrementCycle>false</autoIncrementCycle>
</Column>
</columns>
<indexes itemClass="oracle.dbtools.crest.model.design.relational.Index">
<ind_PK_UK id="39329E6E-02FE-198B-2448-EA6EE8775204" name="KATALOG_REGULER_PK">
<createdBy>Zumro&apos;atul Afifah</createdBy>
<createdTime>2023-03-07 15:10:21 UTC</createdTime>
<generatorID>ACC1E042-9B52-16E1-24FC-8EE23EBB7EA0</generatorID>
<ownerDesignName>Task1</ownerDesignName>
<pk>true</pk>
<indexState>Primary Constraint</indexState>
<isSurrogateKey>false</isSurrogateKey>
<indexColumnUsage>
<colUsage columnID="1A3E20EB-2CCE-9105-4B34-3BB54981B68E"/>
</indexColumnUsage>
</ind_PK_UK>
</indexes>
</Table>