<?xml version = '1.0' encoding = 'UTF-8'?>
<Table class="oracle.dbtools.crest.model.design.relational.Table" directorySegmentName="seg_0" id="C64F35FD-81C4-D459-0E08-A3A212A8CC1B" name="KATALOG_PROMO">
<createdBy>Zumro&apos;atul Afifah</createdBy>
<createdTime>2023-03-07 15:10:21 UTC</createdTime>
<generatorID>D55841B5-3E28-B660-4F21-80ECF7FC9A14</generatorID>
<ownerDesignName>Task1</ownerDesignName>
<allowColumnReorder>false</allowColumnReorder>
<existDependencyGenerateInDDl>true</existDependencyGenerateInDDl>
<parsed>true</parsed>
<columns itemClass="oracle.dbtools.crest.model.design.relational.Column">
<Column name="KODE" id="85C6E109-9D57-A36E-FE8C-2074EF670642">
<createdBy>Zumro&apos;atul Afifah</createdBy>
<createdTime>2023-03-07 15:10:21 UTC</createdTime>
<generatorID>950C7F8F-FF5D-4C02-5715-3C78B07DFEEC</generatorID>
<ownerDesignName>Task1</ownerDesignName>
<useDomainConstraints>false</useDomainConstraints>
<use>1</use>
<logicalDatatype>LOGDT011</logicalDatatype>
<ownDataTypeParameters>,,</ownDataTypeParameters>
<autoIncrementCycle>false</autoIncrementCycle>
</Column>
<Column name="NAMA" id="76CA1D89-8866-151C-EA6B-91D239D579AD">
<createdBy>Zumro&apos;atul Afifah</createdBy>
<createdTime>2023-03-07 15:10:21 UTC</createdTime>
<generatorID>9969BAB6-E2E2-454F-A54E-84E81FFE2847</generatorID>
<ownerDesignName>Task1</ownerDesignName>
<useDomainConstraints>false</useDomainConstraints>
<use>1</use>
<logicalDatatype>LOGDT024</logicalDatatype>
<dataTypeSize>20</dataTypeSize>
<ownDataTypeParameters>20,,</ownDataTypeParameters>
<autoIncrementCycle>false</autoIncrementCycle>
</Column>
<Column name="TANGGAL_MULAI" id="0EB946F6-6DA6-0258-1F8C-605787C28848">
<createdBy>Zumro&apos;atul Afifah</createdBy>
<createdTime>2023-03-07 15:10:21 UTC</createdTime>
<generatorID>46C2CF7D-1C63-860A-D449-44885B5B00E6</generatorID>
<ownerDesignName>Task1</ownerDesignName>
<useDomainConstraints>false</useDomainConstraints>
<use>1</use>
<logicalDatatype>LOGDT007</logicalDatatype>
<ownDataTypeParameters>,,</ownDataTypeParameters>
<autoIncrementCycle>false</autoIncrementCycle>
</Column>
<Column name="TANGGAL_AKHIR" id="EFA862C4-662E-4D0A-B785-C5EAA1B4E6A3">
<createdBy>Zumro&apos;atul Afifah</createdBy>
<createdTime>2023-03-07 15:10:21 UTC</createdTime>
<generatorID>CBD02DF3-181E-9EE6-43B8-918F9001CA89</generatorID>
<ownerDesignName>Task1</ownerDesignName>
<useDomainConstraints>false</useDomainConstraints>
<use>1</use>
<logicalDatatype>LOGDT007</logicalDatatype>
<ownDataTypeParameters>,,</ownDataTypeParameters>
<autoIncrementCycle>false</autoIncrementCycle>
</Column>
</columns>
<indexes itemClass="oracle.dbtools.crest.model.design.relational.Index">
<ind_PK_UK id="CFD60DB1-0003-48E7-383C-5014596B8317" name="KATALOG_PROMO_PK">
<createdBy>Zumro&apos;atul Afifah</createdBy>
<createdTime>2023-03-07 15:10:21 UTC</createdTime>
<generatorID>74660DA2-9D1C-B811-4173-3B49BA4F279C</generatorID>
<ownerDesignName>Task1</ownerDesignName>
<pk>true</pk>
<indexState>Primary Constraint</indexState>
<isSurrogateKey>false</isSurrogateKey>
<indexColumnUsage>
<colUsage columnID="85C6E109-9D57-A36E-FE8C-2074EF670642"/>
</indexColumnUsage>
</ind_PK_UK>
</indexes>
</Table>