<?xml version = '1.0' encoding = 'UTF-8'?>
<Entity class="oracle.dbtools.crest.model.design.logical.Entity" directorySegmentName="seg_0" id="8345D666-D624-5EE4-69F2-7919E7E9F89E" name="JENIS_SKINCARE">
<createdBy>Zumro&apos;atul Afifah</createdBy>
<createdTime>2023-03-07 13:52:22 UTC</createdTime>
<ownerDesignName>Task1</ownerDesignName>
<engineerTo>
<item key="1A0BEBFD-0552-F6E8-9384-2B161C5C2274" value="true"/>
</engineerTo>
<adequatelyNormalized>NO</adequatelyNormalized>
<expectedVolumes>0</expectedVolumes>
<fwdEngineeringStrategyName>Single Table</fwdEngineeringStrategyName>
<growthPercent>0</growthPercent>
<growthType>Year</growthType>
<maxVolumes>9999999</maxVolumes>
<minVolumes>0</minVolumes>
<normalForm>Third</normalForm>
<attributes itemClass="oracle.dbtools.crest.model.design.logical.Attribute">
<Attribute name="ID" id="E9175A3B-9A28-72A4-5886-678A435FDA42">
<createdBy>Zumro&apos;atul Afifah</createdBy>
<createdTime>2023-03-07 13:55:39 UTC</createdTime>
<ownerDesignName>Task1</ownerDesignName>
<engineerTo>
<item key="1A0BEBFD-0552-F6E8-9384-2B161C5C2274" value="true"/>
</engineerTo>
<useDomainConstraints>false</useDomainConstraints>
<use>1</use>
<logicalDatatype>LOGDT011</logicalDatatype>
<ownDataTypeParameters>,,</ownDataTypeParameters>
</Attribute>
<Attribute name="DESKRIPSI" id="28A9C9A0-5008-4675-71FD-CC0CE98EA800">
<createdBy>Zumro&apos;atul Afifah</createdBy>
<createdTime>2023-03-07 13:58:28 UTC</createdTime>
<ownerDesignName>Task1</ownerDesignName>
<engineerTo>
<item key="1A0BEBFD-0552-F6E8-9384-2B161C5C2274" value="true"/>
</engineerTo>
<useDomainConstraints>false</useDomainConstraints>
<use>1</use>
<logicalDatatype>LOGDT024</logicalDatatype>
<dataTypeSize>50</dataTypeSize>
<ownDataTypeParameters>50,,</ownDataTypeParameters>
</Attribute>
<Attribute name="HARGA" id="484C684C-B882-7946-F4C9-F8D9D6A998D2">
<createdBy>Zumro&apos;atul Afifah</createdBy>
<createdTime>2023-03-07 13:59:15 UTC</createdTime>
<ownerDesignName>Task1</ownerDesignName>
<engineerTo>
<item key="1A0BEBFD-0552-F6E8-9384-2B161C5C2274" value="true"/>
</engineerTo>
<useDomainConstraints>false</useDomainConstraints>
<use>1</use>
<logicalDatatype>LOGDT011</logicalDatatype>
<ownDataTypeParameters>,,</ownDataTypeParameters>
</Attribute>
<Attribute name="NOMOR PESANAN" id="87367EE6-8853-311F-6508-410BBD2D1636">
<createdBy>Zumro&apos;atul Afifah</createdBy>
<createdTime>2023-03-07 14:31:03 UTC</createdTime>
<generatorID>2D3EC7E9-FE80-5D58-E507-B93F351785C1</generatorID>
<ownerDesignName>Task1</ownerDesignName>
<engineerTo>
<item key="1A0BEBFD-0552-F6E8-9384-2B161C5C2274" value="true"/>
</engineerTo>
<referedAttribute>8353484C-4755-2958-8A01-CA663B49AFA2</referedAttribute>
<useDomainConstraints>false</useDomainConstraints>
<use>1</use>
<logicalDatatype>LOGDT011</logicalDatatype>
<ownDataTypeParameters>,,</ownDataTypeParameters>
</Attribute>
<Attribute name="KODE" id="F1F6A3DE-4393-30F9-3555-CEC6C3915441">
<createdBy>Zumro&apos;atul Afifah</createdBy>
<createdTime>2023-03-07 15:08:21 UTC</createdTime>
<generatorID>56244722-39D0-C3DD-0280-8B807B6D2D41</generatorID>
<ownerDesignName>Task1</ownerDesignName>
<engineerTo>
<item key="1A0BEBFD-0552-F6E8-9384-2B161C5C2274" value="true"/>
</engineerTo>
<referedAttribute>DCDBD4E9-C862-3B89-A272-91A233FBC439</referedAttribute>
<useDomainConstraints>false</useDomainConstraints>
<use>1</use>
<logicalDatatype>LOGDT011</logicalDatatype>
<ownDataTypeParameters>,,</ownDataTypeParameters>
</Attribute>
<Attribute name="KODE1" id="8AC39F53-2B20-9E81-1F02-0ACAA7FB7867">
<createdBy>Zumro&apos;atul Afifah</createdBy>
<createdTime>2023-03-07 15:08:39 UTC</createdTime>
<generatorID>C45EF60C-1D42-98A3-B43A-A65EA22139AD</generatorID>
<ownerDesignName>Task1</ownerDesignName>
<engineerTo>
<item key="1A0BEBFD-0552-F6E8-9384-2B161C5C2274" value="true"/>
</engineerTo>
<referedAttribute>950C7F8F-FF5D-4C02-5715-3C78B07DFEEC</referedAttribute>
<useDomainConstraints>false</useDomainConstraints>
<use>1</use>
<logicalDatatype>LOGDT011</logicalDatatype>
<ownDataTypeParameters>,,</ownDataTypeParameters>
</Attribute>
</attributes>
<identifiers itemClass="oracle.dbtools.crest.model.design.logical.CandidateKey">
<identifier id="01A26435-621D-9C2F-1B4B-D0C4330598B5" name="JENIS_SKINCARE PK">
<createdBy>Zumro&apos;atul Afifah</createdBy>
<createdTime>2023-03-07 13:57:57 UTC</createdTime>
<ownerDesignName>Task1</ownerDesignName>
<engineerTo>
<item key="1A0BEBFD-0552-F6E8-9384-2B161C5C2274" value="true"/>
</engineerTo>
<pk>true</pk>
<usedAttributes>
<attributeRef>E9175A3B-9A28-72A4-5886-678A435FDA42</attributeRef>
</usedAttributes>
</identifier>
</identifiers>
</Entity>