<?xml version = '1.0' encoding = 'UTF-8'?>
<Entity class="oracle.dbtools.crest.model.design.logical.Entity" directorySegmentName="seg_0" id="D55841B5-3E28-B660-4F21-80ECF7FC9A14" name="KATALOG PROMO">
<createdBy>Zumro&apos;atul Afifah</createdBy>
<createdTime>2023-03-07 13:46:29 UTC</createdTime>
<ownerDesignName>Task1</ownerDesignName>
<engineerTo>
<item key="1A0BEBFD-0552-F6E8-9384-2B161C5C2274" value="true"/>
</engineerTo>
<adequatelyNormalized>NO</adequatelyNormalized>
<expectedVolumes>0</expectedVolumes>
<fwdEngineeringStrategyName>Single Table</fwdEngineeringStrategyName>
<growthPercent>0</growthPercent>
<growthType>Year</growthType>
<maxVolumes>9999999</maxVolumes>
<minVolumes>0</minVolumes>
<normalForm>Third</normalForm>
<attributes itemClass="oracle.dbtools.crest.model.design.logical.Attribute">
<Attribute name="KODE" id="950C7F8F-FF5D-4C02-5715-3C78B07DFEEC">
<createdBy>Zumro&apos;atul Afifah</createdBy>
<createdTime>2023-03-07 13:46:38 UTC</createdTime>
<ownerDesignName>Task1</ownerDesignName>
<engineerTo>
<item key="1A0BEBFD-0552-F6E8-9384-2B161C5C2274" value="true"/>
</engineerTo>
<useDomainConstraints>false</useDomainConstraints>
<use>1</use>
<logicalDatatype>LOGDT011</logicalDatatype>
<ownDataTypeParameters>,,</ownDataTypeParameters>
</Attribute>
<Attribute name="NAMA" id="9969BAB6-E2E2-454F-A54E-84E81FFE2847">
<createdBy>Zumro&apos;atul Afifah</createdBy>
<createdTime>2023-03-07 13:47:52 UTC</createdTime>
<ownerDesignName>Task1</ownerDesignName>
<engineerTo>
<item key="1A0BEBFD-0552-F6E8-9384-2B161C5C2274" value="true"/>
</engineerTo>
<useDomainConstraints>false</useDomainConstraints>
<use>1</use>
<logicalDatatype>LOGDT024</logicalDatatype>
<dataTypeSize>20</dataTypeSize>
<ownDataTypeParameters>20,,</ownDataTypeParameters>
</Attribute>
<Attribute name="TANGGAL MULAI" id="46C2CF7D-1C63-860A-D449-44885B5B00E6">
<createdBy>Zumro&apos;atul Afifah</createdBy>
<createdTime>2023-03-07 13:51:06 UTC</createdTime>
<ownerDesignName>Task1</ownerDesignName>
<engineerTo>
<item key="1A0BEBFD-0552-F6E8-9384-2B161C5C2274" value="true"/>
</engineerTo>
<useDomainConstraints>false</useDomainConstraints>
<use>1</use>
<logicalDatatype>LOGDT007</logicalDatatype>
<ownDataTypeParameters>,,</ownDataTypeParameters>
</Attribute>
<Attribute name="TANGGAL AKHIR" id="CBD02DF3-181E-9EE6-43B8-918F9001CA89">
<createdBy>Zumro&apos;atul Afifah</createdBy>
<createdTime>2023-03-07 13:51:30 UTC</createdTime>
<ownerDesignName>Task1</ownerDesignName>
<engineerTo>
<item key="1A0BEBFD-0552-F6E8-9384-2B161C5C2274" value="true"/>
</engineerTo>
<useDomainConstraints>false</useDomainConstraints>
<use>1</use>
<logicalDatatype>LOGDT007</logicalDatatype>
<ownDataTypeParameters>,,</ownDataTypeParameters>
</Attribute>
</attributes>
<identifiers itemClass="oracle.dbtools.crest.model.design.logical.CandidateKey">
<identifier id="74660DA2-9D1C-B811-4173-3B49BA4F279C" name="KATALOG PROMO PK">
<createdBy>Zumro&apos;atul Afifah</createdBy>
<createdTime>2023-03-07 13:46:58 UTC</createdTime>
<ownerDesignName>Task1</ownerDesignName>
<engineerTo>
<item key="1A0BEBFD-0552-F6E8-9384-2B161C5C2274" value="true"/>
</engineerTo>
<pk>true</pk>
<usedAttributes>
<attributeRef>950C7F8F-FF5D-4C02-5715-3C78B07DFEEC</attributeRef>
</usedAttributes>
</identifier>
</identifiers>
</Entity>