<?xml version = '1.0' encoding = 'UTF-8'?>
<Entity class="oracle.dbtools.crest.model.design.logical.Entity" directorySegmentName="seg_0" id="D5C2A802-5AB1-107B-7844-D352674FD243" name="PEMBAYARAN">
<createdBy>Zumro&apos;atul Afifah</createdBy>
<createdTime>2023-03-07 14:39:04 UTC</createdTime>
<ownerDesignName>Task1</ownerDesignName>
<engineerTo>
<item key="1A0BEBFD-0552-F6E8-9384-2B161C5C2274" value="true"/>
</engineerTo>
<adequatelyNormalized>NO</adequatelyNormalized>
<expectedVolumes>0</expectedVolumes>
<fwdEngineeringStrategyName>Single Table</fwdEngineeringStrategyName>
<growthPercent>0</growthPercent>
<growthType>Year</growthType>
<maxVolumes>9999999</maxVolumes>
<minVolumes>0</minVolumes>
<normalForm>Third</normalForm>
<attributes itemClass="oracle.dbtools.crest.model.design.logical.Attribute">
<Attribute name="KWITANSI" id="AFCA9F2A-52FD-12AB-E0CC-B8C830973FB5">
<createdBy>Zumro&apos;atul Afifah</createdBy>
<createdTime>2023-03-07 14:39:18 UTC</createdTime>
<ownerDesignName>Task1</ownerDesignName>
<engineerTo>
<item key="1A0BEBFD-0552-F6E8-9384-2B161C5C2274" value="true"/>
</engineerTo>
<nullsAllowed>true</nullsAllowed>
<useDomainConstraints>false</useDomainConstraints>
<use>1</use>
<logicalDatatype>LOGDT011</logicalDatatype>
<ownDataTypeParameters>,,</ownDataTypeParameters>
</Attribute>
<Attribute name="NOMOR PESANAN" id="F9A06B47-7C7B-B42D-7CDE-8E402D947AFE">
<createdBy>Zumro&apos;atul Afifah</createdBy>
<createdTime>2023-03-07 14:40:35 UTC</createdTime>
<generatorID>9BCBC820-E17C-25E3-317F-1A06A3FC866E</generatorID>
<ownerDesignName>Task1</ownerDesignName>
<engineerTo>
<item key="1A0BEBFD-0552-F6E8-9384-2B161C5C2274" value="true"/>
</engineerTo>
<referedAttribute>8353484C-4755-2958-8A01-CA663B49AFA2</referedAttribute>
<useDomainConstraints>false</useDomainConstraints>
<use>1</use>
<logicalDatatype>LOGDT011</logicalDatatype>
<ownDataTypeParameters>,,</ownDataTypeParameters>
</Attribute>
<Attribute name="ID" id="51628C87-4E83-815E-BE25-AD65732328EF">
<createdBy>Zumro&apos;atul Afifah</createdBy>
<createdTime>2023-03-07 14:50:14 UTC</createdTime>
<generatorID>77DAD4AD-FA78-2005-D83E-7A39CDEADE20</generatorID>
<ownerDesignName>Task1</ownerDesignName>
<engineerTo>
<item key="1A0BEBFD-0552-F6E8-9384-2B161C5C2274" value="true"/>
</engineerTo>
<referedAttribute>E4874A3F-93FD-20B0-C67E-5E029EA45E20</referedAttribute>
<useDomainConstraints>false</useDomainConstraints>
<use>1</use>
<logicalDatatype>LOGDT011</logicalDatatype>
<ownDataTypeParameters>,,</ownDataTypeParameters>
</Attribute>
</attributes>
<identifiers itemClass="oracle.dbtools.crest.model.design.logical.CandidateKey">
<identifier id="AACD5CF8-705F-9EEF-5CBD-7F172DBC1447" name="PEMBAYARAN PK">
<createdBy>Zumro&apos;atul Afifah</createdBy>
<createdTime>2023-03-07 14:40:35 UTC</createdTime>
<ownerDesignName>Task1</ownerDesignName>
<engineerTo>
<item key="1A0BEBFD-0552-F6E8-9384-2B161C5C2274" value="true"/>
</engineerTo>
<pk>true</pk>
<usedAttributes>
<attributeRef>F9A06B47-7C7B-B42D-7CDE-8E402D947AFE</attributeRef>
<attributeRef>51628C87-4E83-815E-BE25-AD65732328EF</attributeRef>
</usedAttributes>
</identifier>
</identifiers>
</Entity>