<?xml version = '1.0' encoding = 'UTF-8'?>
<Entity class="oracle.dbtools.crest.model.design.logical.Entity" directorySegmentName="seg_0" id="FE212DA0-0266-4F3B-9A15-FDCA2EAFFDBF" name="PELANGGAN">
<createdBy>Zumro&apos;atul Afifah</createdBy>
<createdTime>2023-03-07 14:41:34 UTC</createdTime>
<ownerDesignName>Task1</ownerDesignName>
<engineerTo>
<item key="1A0BEBFD-0552-F6E8-9384-2B161C5C2274" value="true"/>
</engineerTo>
<adequatelyNormalized>NO</adequatelyNormalized>
<expectedVolumes>0</expectedVolumes>
<fwdEngineeringStrategyName>Single Table</fwdEngineeringStrategyName>
<growthPercent>0</growthPercent>
<growthType>Year</growthType>
<maxVolumes>9999999</maxVolumes>
<minVolumes>0</minVolumes>
<normalForm>Third</normalForm>
<attributes itemClass="oracle.dbtools.crest.model.design.logical.Attribute">
<Attribute name="ID" id="E4874A3F-93FD-20B0-C67E-5E029EA45E20">
<createdBy>Zumro&apos;atul Afifah</createdBy>
<createdTime>2023-03-07 14:41:44 UTC</createdTime>
<ownerDesignName>Task1</ownerDesignName>
<engineerTo>
<item key="1A0BEBFD-0552-F6E8-9384-2B161C5C2274" value="true"/>
</engineerTo>
<useDomainConstraints>false</useDomainConstraints>
<use>1</use>
<logicalDatatype>LOGDT011</logicalDatatype>
<ownDataTypeParameters>,,</ownDataTypeParameters>
</Attribute>
<Attribute name="NAMA DEPAN" id="5971CC04-B882-7E3D-445F-ECB78274F785">
<createdBy>Zumro&apos;atul Afifah</createdBy>
<createdTime>2023-03-07 14:45:38 UTC</createdTime>
<ownerDesignName>Task1</ownerDesignName>
<engineerTo>
<item key="1A0BEBFD-0552-F6E8-9384-2B161C5C2274" value="true"/>
</engineerTo>
<useDomainConstraints>false</useDomainConstraints>
<use>1</use>
<logicalDatatype>LOGDT024</logicalDatatype>
<dataTypeSize>50</dataTypeSize>
<ownDataTypeParameters>50,,</ownDataTypeParameters>
</Attribute>
<Attribute name="NAMA BELAKANG" id="4837051E-9AE7-B06F-DE0F-DDFB1F56A709">
<createdBy>Zumro&apos;atul Afifah</createdBy>
<createdTime>2023-03-07 14:46:27 UTC</createdTime>
<ownerDesignName>Task1</ownerDesignName>
<engineerTo>
<item key="1A0BEBFD-0552-F6E8-9384-2B161C5C2274" value="true"/>
</engineerTo>
<useDomainConstraints>false</useDomainConstraints>
<use>1</use>
<logicalDatatype>LOGDT024</logicalDatatype>
<dataTypeSize>50</dataTypeSize>
<ownDataTypeParameters>50,,</ownDataTypeParameters>
</Attribute>
<Attribute name="ALAMAT" id="04E52DF5-1715-934D-63CA-1F20910624F8">
<createdBy>Zumro&apos;atul Afifah</createdBy>
<createdTime>2023-03-07 14:47:33 UTC</createdTime>
<ownerDesignName>Task1</ownerDesignName>
<engineerTo>
<item key="1A0BEBFD-0552-F6E8-9384-2B161C5C2274" value="true"/>
</engineerTo>
<useDomainConstraints>false</useDomainConstraints>
<use>1</use>
<logicalDatatype>LOGDT024</logicalDatatype>
<ownDataTypeParameters>,,</ownDataTypeParameters>
</Attribute>
<Attribute name="KOTA" id="BAD0BFA9-CA08-AF25-9DBA-44E5472345AD">
<createdBy>Zumro&apos;atul Afifah</createdBy>
<createdTime>2023-03-07 14:48:06 UTC</createdTime>
<ownerDesignName>Task1</ownerDesignName>
<engineerTo>
<item key="1A0BEBFD-0552-F6E8-9384-2B161C5C2274" value="true"/>
</engineerTo>
<useDomainConstraints>false</useDomainConstraints>
<use>1</use>
<logicalDatatype>LOGDT024</logicalDatatype>
<dataTypeSize>50</dataTypeSize>
<ownDataTypeParameters>50,,</ownDataTypeParameters>
</Attribute>
<Attribute name="NO_HP" id="7A6E5149-EE75-C550-F747-9A0AE7D4DC8D">
<createdBy>Zumro&apos;atul Afifah</createdBy>
<createdTime>2023-03-07 14:48:32 UTC</createdTime>
<ownerDesignName>Task1</ownerDesignName>
<engineerTo>
<item key="1A0BEBFD-0552-F6E8-9384-2B161C5C2274" value="true"/>
</engineerTo>
<useDomainConstraints>false</useDomainConstraints>
<use>1</use>
<logicalDatatype>LOGDT024</logicalDatatype>
<dataTypeSize>12</dataTypeSize>
<ownDataTypeParameters>12,,</ownDataTypeParameters>
</Attribute>
</attributes>
<identifiers itemClass="oracle.dbtools.crest.model.design.logical.CandidateKey">
<identifier id="D37291FA-E473-C8B7-D15E-1754623E408B" name="PELANGGAN PK">
<createdBy>Zumro&apos;atul Afifah</createdBy>
<createdTime>2023-03-07 14:45:30 UTC</createdTime>
<ownerDesignName>Task1</ownerDesignName>
<engineerTo>
<item key="1A0BEBFD-0552-F6E8-9384-2B161C5C2274" value="true"/>
</engineerTo>
<pk>true</pk>
<usedAttributes>
<attributeRef>E4874A3F-93FD-20B0-C67E-5E029EA45E20</attributeRef>
</usedAttributes>
</identifier>
</identifiers>
</Entity>