<?xml version = '1.0' encoding = 'UTF-8'?>
<Relation class="oracle.dbtools.crest.model.design.logical.InheritanceRelation" name="Hierarchy_1" directorySegmentName="seg_0" id="22799E80-EB9A-1E9C-8E51-8BED4EFC2F43">
<createdBy>Zumro&apos;atul Afifah</createdBy>
<createdTime>2023-03-07 15:06:11 UTC</createdTime>
<ownerDesignName>Task1</ownerDesignName>
<engineerTo>
<item key="1A0BEBFD-0552-F6E8-9384-2B161C5C2274" value="true"/>
</engineerTo>
<identifying>false</identifying>
<nameOnSource>Super Type</nameOnSource>
<nameOnTarget>Sub Type</nameOnTarget>
<optionalSource>true</optionalSource>
<optionalTarget>true</optionalTarget>
<sourceEntity>05EBCDA0-D0EC-6F2E-F507-781BFD52A025</sourceEntity>
<targetEntity>D8FD2BB8-DA4F-F486-D3E5-985FA5CACE71</targetEntity>
<transferable>true</transferable>
<deleteRule>NO ACTION</deleteRule>
</Relation>