<?xml version = '1.0' encoding = 'UTF-8'?>
<Relation class="oracle.dbtools.crest.model.design.logical.InheritanceRelation" name="Hierarchy_2" directorySegmentName="seg_0" id="273D2DAC-3EFC-1738-2857-0A408C90DF94">
<createdBy>Zumro&apos;atul Afifah</createdBy>
<createdTime>2023-03-07 15:06:24 UTC</createdTime>
<ownerDesignName>Task1</ownerDesignName>
<engineerTo>
<item key="1A0BEBFD-0552-F6E8-9384-2B161C5C2274" value="true"/>
</engineerTo>
<identifying>false</identifying>
<nameOnSource>Super Type</nameOnSource>
<nameOnTarget>Sub Type</nameOnTarget>
<optionalSource>true</optionalSource>
<optionalTarget>true</optionalTarget>
<sourceEntity>05EBCDA0-D0EC-6F2E-F507-781BFD52A025</sourceEntity>
<targetEntity>69922A20-6DC9-1AD6-61EA-310326713F79</targetEntity>
<transferable>true</transferable>
<deleteRule>NO ACTION</deleteRule>
</Relation>