<?xml version = '1.0' encoding = 'UTF-8'?>
<Relation class="oracle.dbtools.crest.model.design.logical.InheritanceRelation" name="Hierarchy_3" directorySegmentName="seg_0" id="9C383B2A-D4DE-4D0A-F872-C58A8DF036D4">
<createdBy>Zumro&apos;atul Afifah</createdBy>
<createdTime>2023-03-07 15:06:38 UTC</createdTime>
<ownerDesignName>Task1</ownerDesignName>
<engineerTo>
<item key="1A0BEBFD-0552-F6E8-9384-2B161C5C2274" value="true"/>
</engineerTo>
<identifying>false</identifying>
<nameOnSource>Super Type</nameOnSource>
<nameOnTarget>Sub Type</nameOnTarget>
<optionalSource>true</optionalSource>
<optionalTarget>true</optionalTarget>
<sourceEntity>05EBCDA0-D0EC-6F2E-F507-781BFD52A025</sourceEntity>
<targetEntity>815267D1-EFC1-586B-3FD5-16C8C3183B61</targetEntity>
<transferable>true</transferable>
<deleteRule>NO ACTION</deleteRule>
</Relation>