<?xml version = '1.0' encoding = 'UTF-8'?>
<relationalModel class="oracle.dbtools.crest.model.design.relational.RelationalDesign" name="Relational_1" id="1A0BEBFD-0552-F6E8-9384-2B161C5C2274" mainViewID="9E8CAB62-0D00-A9D9-C826-06D86DBF1240">
<createdBy>Zumro&apos;atul Afifah</createdBy>
<createdTime>2023-03-07 13:40:59 UTC</createdTime>
<ownerDesignName>Task1</ownerDesignName>
<shouldBeOpen>false</shouldBeOpen>
<selectedRDBMSSite>32076570-2523-435C-2E92-BF29817DFF70</selectedRDBMSSite>
</relationalModel>